tweet,true_label,predicted_label
"Bitcoin following similar price pattern to Amazon stock before the big Amazon rally
https://t.co/zgy4CapfTd
#amazon #stocks #bitcoinrally #markets",0,1.0
Wall Street Breakfast: OPEC Virtual Meeting In The Spotlight. https://t.co/hpQx3fjWBW #stocks #trading #economy,1,1.0
"RT @CallMeShylo: POSITIONS BANKED ‚úî 

Now watching the show ‚úî

10:10am #TiME ‚úî
2777.77 $SPX #PRiCE ‚úî
¬£2368 already #BANKED ‚úî

DM from @That‚Ä¶",1,1.0
"RT @awallenstein: BREAKING: Disney+ reaches 50 million paid subscribers in 5 months worldwide, $DIS announces...",0,1.0
RT @treabase: $AAPL #patent 20200110485 LIGHT TRANSMISSIVITY-CONTROLLED TOUCH SENSOR PANEL DESIGN #tech #IP #research https://t.co/luMgL0iS‚Ä¶,0,1.0
"Warren Buffett is selling #stocks and Mark Cuban is still waiting to buy into the #StockMarket 
Be weary if you‚Äôre a long-term #investor
The market is shaping up to be a classic bear trap",0,1.0
"RT @DeItaOne: VISA, MASTERCARD COULD RAISE SWIPE FEES ON MANY MERCHANTS, SOURCES SAY
$MA",0,1.0
"RT @vantillian: That Clown is the market try to get me to go ALL-IN. He keeps saying ‚Äúwe already hit bottom, we‚Äôre recovering nicely, and i‚Ä¶",0,1.0
$GOOG #patent 20200110622 MOBILE APPLICATION ACTIVITY DETECTOR #tech #IP #research https://t.co/GlNCsV5b01,0,0.0
$AAPL #patent 20200110462 RELATIVE INTERTIAL MEASUREMENT SYSTEM #tech #IP #research https://t.co/UxFOf1Eu34,0,1.0
"RT @DeItaOne: VISA, MASTERCARD COULD RAISE SWIPE FEES ON MANY MERCHANTS, SOURCES SAY
$MA",0,1.0
RT @TraderBDub: Anyone who says we have seen the bottom of the markets has obviously not don't their research. We are experiencing a bull t‚Ä¶,0,1.0
"RT @DeItaOne: VISA, MASTERCARD COULD RAISE SWIPE FEES ON MANY MERCHANTS, SOURCES SAY
$MA",0,1.0
$MA short?,0,1.0
$PFE $LLY - FDA OKs Pfizer's Braftovi combo for certain type of colorectal cancer https://t.co/gASV7TbIMa,0,0.0
"RT @DeItaOne: VISA, MASTERCARD COULD RAISE SWIPE FEES ON MANY MERCHANTS, SOURCES SAY
$MA",0,1.0
"RT @DeItaOne: VISA, MASTERCARD COULD RAISE SWIPE FEES ON MANY MERCHANTS, SOURCES SAY
$MA",0,1.0
"Wall Street turns negative premarket
#premarket #nasdaq @sp500 #dowjones
https://t.co/45euYjAOst",0,0.0
"Disney+ Hits New Milestone With 50 Million Paid Subscribers $DIS
https://t.co/zMT09kmIk0",1,1.0
".@lloydfonds  continues its operational realignment process with Strategy 2023/2025 kicking off in FY20. Read full report here @Edison_Inv_Res #shares #stocks
https://t.co/HItxWXNgXt https://t.co/EzQS30oQqj",0,0.0
RT o like ‚ù§Ô∏è #trading #stocks #tripledigito https://t.co/VltBYXKaPS,1,1.0
"RT @SquawkAlley: .@Intel CEO Bob Swan discusses the company's $50 million commitment to help fight the virus outbreak. 

@cnbc @jonfortt $I‚Ä¶",0,1.0
"so... what's next? 

$SPX $SPY $VIX $TLT $TYVIX $GLD $GVX $DXY https://t.co/gH22hoHcKt",0,1.0
"RT @CallMeShylo: POSITIONS BANKED ‚úî 

Now watching the show ‚úî

10:10am #TiME ‚úî
2777.77 $SPX #PRiCE ‚úî
¬£2368 already #BANKED ‚úî

DM from @That‚Ä¶",1,1.0
"RT @DeItaOne: VISA, MASTERCARD COULD RAISE SWIPE FEES ON MANY MERCHANTS, SOURCES SAY
$MA",0,1.0
"RT @awallenstein: BREAKING: Disney+ reaches 50 million paid subscribers in 5 months worldwide, $DIS announces...",0,1.0
"RT @CNBCnow: BREAKING: Disney+ surpasses 50M subscribers globally; $DIS shares pop more than 4% after hours 

https://t.co/SLfhgCMvbd https‚Ä¶",0,1.0
Gambling... I mean trading hours over Easter (CET) #crypto #forex #stocks https://t.co/JK8ISXHjtK,0,0.0
"RT @moneycontrolcom: #MarketsWithMC | D-Street is inching towards a photo finish for this week, as bulls have fuelled a smart rally. @KshAn‚Ä¶",1,1.0
$AAPL #patent 20200111334 Semantic Framework for Variable Haptic Output #tech #IP #research https://t.co/T7JJck4LOT,0,0.0
"RT @DeItaOne: VISA, MASTERCARD COULD RAISE SWIPE FEES ON MANY MERCHANTS, SOURCES SAY
$MA",0,1.0
"$AMZN Reportedly to suspend its own delivery service that had competed with UPS $UPS and Fedex $FDX; Amazon to focus on own customers' orders - press (https://t.co/JPKVUAPUFP Inc)
(More at https://t.co/lFXYfZ77Ea)",0,0.0
"RT @AlexFX00: Good morning! Join today's market update for the latest on $EURUSD #Crudeoil #DAX30 #SPX500 #Coronavirus 

ùüîùüï.ùüîùüï% ùê®ùêü ùê´ùêûùê≠ùêöùê¢ùê• ùê¢‚Ä¶",1,1.0
"$BTC #Bitcoin

I'm short hedged from 7335 mainly because i think today will be a volatile day in the traditional markets. 4 day weekend coming up and i expect some profit taking to be done in the $SPX before that. I expect $BTC to follow down.",0,0.0
"RT @DeItaOne: VISA, MASTERCARD COULD RAISE SWIPE FEES ON MANY MERCHANTS, SOURCES SAY
$MA",0,1.0
"Why Is Warren Buffett Ignoring the Coronavirus Market Dip?

https://t.co/Kz8mPFmpg0

#coronavirus  #stocks #markets #finance #investing #trading",0,1.0
"RT @MertiumFin: ""Data from investor Howard Marks shows why there may be another drop in stocks coming soon""  #data #Howard #shows #stocks #‚Ä¶",0,1.0
"RT @DeItaOne: VISA, MASTERCARD COULD RAISE SWIPE FEES ON MANY MERCHANTS, SOURCES SAY
$MA",0,1.0
"RT @DeItaOne: VISA, MASTERCARD COULD RAISE SWIPE FEES ON MANY MERCHANTS, SOURCES SAY
$MA",0,1.0
"RT @CallMeShylo: POSITIONS BANKED ‚úî 

Now watching the show ‚úî

10:10am #TiME ‚úî
2777.77 $SPX #PRiCE ‚úî
¬£2368 already #BANKED ‚úî

DM from @That‚Ä¶",1,1.0
Great way to kick shopkeepers when they're are already down. $MA $V https://t.co/X8IcunBFgn,1,0.0
"SmartInsider - Danal: 2 directors bought/maiden bought: Two Directors at Danal bought/maiden bought 33,930 shares at between 3,426.304KRW and 3,509.000KRW. The significance rating of the trade was 58/100. Is that information sufficient‚Ä¶ https://t.co/GJk9EDvYCo #equity #stocks",0,1.0
"$034730 #SK Holdings Sk Holdings Co Ltd: 1 director bought: A director at Sk Holdings Co Ltd bought 37,366 shares at 165,808.771KRW and the significance rating of the trade was 70/100. Is that information sufficient for you to make an‚Ä¶ https://t.co/VuI3hwYwcP #equity #stocks https://t.co/RpzwJKqHFe",0,1.0
"$STO #Santos Ltd. Santos Limited: 1 director sold: A director at Santos Limited sold 515,755 shares at 4.290AUD and the significance rating of the trade was 77/100. Is that information sufficient for you to make an investment decision?‚Ä¶ https://t.co/oxeTjhaRXI #equity #stocks",0,1.0
"$LNR. #Linamar Corp. Linamar Corporation: 2 directors bought/sold: Two Directors at Linamar Corporation bought/sold 46,800 shares at between 30.383CAD and 32.712CAD. The significance rating of the trade was 75/100. Is that information‚Ä¶ https://t.co/xakMFV45lA #equity #stocks",0,1.0
An effective GOLD Breakout strategy https://t.co/9LjLlQ27KK #prorealtime #trading #markets #stockmarket #trader #stocks #investing #money #forex #bitcoin #cryptocurrency #finance #prorealtime,1,0.0
"RT @DeItaOne: VISA, MASTERCARD COULD RAISE SWIPE FEES ON MANY MERCHANTS, SOURCES SAY
$MA",0,1.0
CityFALCON score gives top rated news for FREE #bigdata $AAPL $TSLA https://t.co/5TwDNEFnih https://t.co/8kwGKtHAVZ,1,0.0
"RT @DeItaOne: VISA, MASTERCARD COULD RAISE SWIPE FEES ON MANY MERCHANTS, SOURCES SAY
$MA",0,1.0
"RT @DeItaOne: VISA, MASTERCARD COULD RAISE SWIPE FEES ON MANY MERCHANTS, SOURCES SAY
$MA",0,1.0
"RT @awallenstein: BREAKING: Disney+ reaches 50 million paid subscribers in 5 months worldwide, $DIS announces...",0,1.0
"RT @CNBCnow: BREAKING: Disney+ surpasses 50M subscribers globally; $DIS shares pop more than 4% after hours 

https://t.co/SLfhgCMvbd https‚Ä¶",0,1.0
"RT @DeItaOne: VISA, MASTERCARD COULD RAISE SWIPE FEES ON MANY MERCHANTS, SOURCES SAY
$MA",0,1.0
"So, #investors are sure now that all customers will be paying their respective EMIs and loans on time?

#Bajajfinance 

#investing #Investment #stocks #stockmarket #finance #COVID„Éº19 https://t.co/lWBI3Nx6oh",0,1.0
"RT @dukesealman: @metz_chance @washingtonpost ...
...
...

don't believe leaders.  Esp when they bootleg #influenza #s

$amzn $wmt $brka $m‚Ä¶",0,1.0
"RT @DeItaOne: VISA, MASTERCARD COULD RAISE SWIPE FEES ON MANY MERCHANTS, SOURCES SAY
$MA",0,1.0
"RT @DeItaOne: VISA, MASTERCARD COULD RAISE SWIPE FEES ON MANY MERCHANTS, SOURCES SAY
$MA",0,1.0
"RT @DeItaOne: VISA, MASTERCARD COULD RAISE SWIPE FEES ON MANY MERCHANTS, SOURCES SAY
$MA",0,1.0
"$GOOG #patent 20200111018 Optimization of Parameters of a System, Product, or Process #tech #IP #research https://t.co/K0lJVhwQpE",0,0.0
"The #SP500 just reached an interesting short area. I wouldn't be surprise to see more sell pressure in the following days. #stocks #trading $SP500

https://t.co/Gn0kC7Jt1q",1,0.0
RT @ivolatility: $DIS: DAILY 1 YEAR VOLATILITY CHART into Disney+ surpasses 50M paid subscribers https://t.co/uimHfmpXmE,1,1.0
that's 2768. We are done. Highest 2773. I think we are done. See how far it will pull back now #SPX500 $SPY,0,1.0
"A Rush to Stocks, Driven by Bargains and Bravery https://t.co/rizmN143Xm
TY @MatthewPhillips V/ @nytimesworld

#Recession #FederalReserve #Markets #Stocks #StockMarket #Unemployment
@M_C_Klein @JSchifferes @WallStreetYoda @barani_krishnan @andi_staub",0,0.0
"RT @SusanLiTV: #stocks hit session highs on this news üëá
Relieved that a man that wants to break up big #technology &amp; big #Banks 
#Health st‚Ä¶",0,1.0
"RT @DeItaOne: VISA, MASTERCARD COULD RAISE SWIPE FEES ON MANY MERCHANTS, SOURCES SAY
$MA",0,1.0
RT @PaulRitchiepr: Fascinating discussion regarding the incredible clout of the stimulus programme.  With @_HadleyGamble #stocks #coronavir‚Ä¶,1,1.0
"RT @DeItaOne: VISA, MASTERCARD COULD RAISE SWIPE FEES ON MANY MERCHANTS, SOURCES SAY
$MA",0,1.0
"RT @DeItaOne: VISA, MASTERCARD COULD RAISE SWIPE FEES ON MANY MERCHANTS, SOURCES SAY
$MA",0,1.0
"RT @DeItaOne: VISA, MASTERCARD COULD RAISE SWIPE FEES ON MANY MERCHANTS, SOURCES SAY
$MA",0,1.0
"RT @DeItaOne: VISA, MASTERCARD COULD RAISE SWIPE FEES ON MANY MERCHANTS, SOURCES SAY
$MA",0,1.0
"RT @gvkreddi: #Nifty50 stocks today with returns &gt;2%. Other than sentiment, what's different from day before yesterday &amp; yesterday to today‚Ä¶",0,1.0
"RT @AlkaneResources: Latest significant intercepts at Alkane‚Äôs San Antonio prospect, with assay results for the final ~7,000 metres showing‚Ä¶",0,1.0
"RT @moneycontrolcom: #MarketsWithMC | D-Street is inching towards a photo finish for this week, as bulls have fuelled a smart rally. @KshAn‚Ä¶",1,1.0
"#EicherMotor posted high of 14046. CMP 13850.

#stocks #StockMarket #niftybank #nifty",1,1.0
"RT @DeItaOne: VISA, MASTERCARD COULD RAISE SWIPE FEES ON MANY MERCHANTS, SOURCES SAY
$MA",0,1.0
"European #stocks climb on optimism policymakers will find ways to re-open economies

https://t.co/nU79F8WpLU",1,1.0
"RT @DeItaOne: VISA, MASTERCARD COULD RAISE SWIPE FEES ON MANY MERCHANTS, SOURCES SAY
$MA",0,1.0
"RT @DeItaOne: VISA, MASTERCARD COULD RAISE SWIPE FEES ON MANY MERCHANTS, SOURCES SAY
$MA",0,1.0
Continental Building Products Inc $CBPX Receives Consensus Rating of ‚ÄúBuy‚Äù from Analysts https://t.co/p1CfSZGzAm #stocks,0,1.0
EnLink Midstream LLC $ENLC Receives Consensus Recommendation of ‚ÄúHold‚Äù from Analysts https://t.co/Y9O409PVip #stocks,1,1.0
MGM Growth Properties LLC $MGP Given Average Rating of ‚ÄúBuy‚Äù by Brokerages https://t.co/TqlNQJQTp4 #stocks,0,1.0
Health Insurance Innovations Inc $HIIQ Receives Consensus Recommendation of ‚ÄúBuy‚Äù from Brokerages https://t.co/JErejNLjex #stocks,1,1.0
"RT @DeItaOne: VISA, MASTERCARD COULD RAISE SWIPE FEES ON MANY MERCHANTS, SOURCES SAY
$MA",0,1.0
"RT @DeItaOne: VISA, MASTERCARD COULD RAISE SWIPE FEES ON MANY MERCHANTS, SOURCES SAY
$MA",0,1.0
"RT @DeItaOne: VISA, MASTERCARD COULD RAISE SWIPE FEES ON MANY MERCHANTS, SOURCES SAY
$MA",0,1.0
"RT @vantillian: That Clown is the market try to get me to go ALL-IN. He keeps saying ‚Äúwe already hit bottom, we‚Äôre recovering nicely, and i‚Ä¶",0,1.0
"RT @TweetsMillenia: OPEC+ to virtually meet. 4pm CET
Possible outcomes for $SPX $USO
Express your views and kindly RT for a bigger sample #‚Ä¶",1,1.0
"OPEC+ to virtually meet. 4pm CET
Possible outcomes for $SPX $USO
Express your views and kindly RT for a bigger sample #OOTT",1,1.0
"RT @leadlagreport: Have a big writing coming out tomorrow on @seekingalpha.

Title?

The Greatest Disconnect Between Stocks And The Economy‚Ä¶",1,1.0
"RT @moneycontrolcom: #MarketsWithMC | D-Street is inching towards a photo finish for this week, as bulls have fuelled a smart rally. @KshAn‚Ä¶",1,1.0
$GOOG #patent 20200110886 Enclave Fork Support #tech #IP #research https://t.co/Mc2tKzAFJD,0,0.0
$AAPL #patent 20200110485 LIGHT TRANSMISSIVITY-CONTROLLED TOUCH SENSOR PANEL DESIGN #tech #IP #research https://t.co/luMgL0iSYZ,0,1.0
"RT @gvkreddi: What to understand from the #NiftyAuto index?

No truck, car or bus sold &amp; no truck, car or bus moves but  #stock prices can‚Ä¶",0,0.0
"Insider Selling: Alphabet Inc $GOOG Director Sells $51,805.80 in Stock https://t.co/pHCaysl0bJ",1,1.0
"#MarketsWithMC | D-Street is inching towards a photo finish for this week, as bulls have fuelled a smart rally. @KshAnand lists top factors that could be driving this optimism.

#StockMarket #StocksToWatch #Sensex #Nifty #Stocks
https://t.co/9GA8prz3Pw",1,1.0
"Insider Selling: Alphabet Inc $GOOG Director Sells $51,805.80 in Stock https://t.co/4uV8FQZWV5",1,1.0
"RT @MagnaCrypto: Looks like we're at a juncture, close above this zone and we go up, close below and we go down. Be prepared for either hap‚Ä¶",0,1.0
Track news with various time frames for $DJIA under one watchlist $CVX $BA $IBM https://t.co/8zP8MKc2dK https://t.co/eAEn1ymppB,1,0.0
"RT @MagnaCrypto: Looks like we're at a juncture, close above this zone and we go up, close below and we go down. Be prepared for either hap‚Ä¶",0,1.0
"RT @CNBCnow: BREAKING: Disney+ surpasses 50M subscribers globally; $DIS shares pop more than 4% after hours 

https://t.co/SLfhgCMvbd https‚Ä¶",0,1.0
"#Sensex &amp; #Nifty is maintaining good strength, here‚Äôs Mr. Gaurang Shah, @GeojitFinancial , advising long time #investors to stick to front line #stocks - don‚Äôt miss the video on #Ticker TV #StocksToTrade #StockMarket #StayHomeStaySafe  https://t.co/6yDoMdEzBO",1,1.0
"New York Open: Trend is your friend, but pre-Easter weekend position squaring ensues, as all eyes and ears trained on #OPEC + webcams  and US claims #forex #OOTT #stocks #Oilpricewar #stockmarekts https://t.co/TKIoVMO5dL via @wordpressdotcom",0,0.0
Why Shares of Chinese Electric-Car Maker NIO Fell Almost 33% in March @themotleyfool #stocks $NIO https://t.co/kdPY3aHTYd,0,1.0
Huge variation: Monsanto Company Common Stock $MON 87.58 down -4.49% 4:02pm https://t.co/Pa7hloe5u9  #stocks,1,0.0
"RT @DojiFranco90: üòÄ

Keeping it super simple as per my plan shared March 17th
#SPY #SPX #ES_F $SPY $SPX

Caution: Now even the permabears w‚Ä¶",1,1.0
Zacks: Analysts Anticipate PacWest Bancorp $PACW Will Post Earnings of $0.70 Per Share https://t.co/RRppykAEze #stocks,0,0.0
Newell Brands Inc $NWL Expected to Announce Earnings of $0.06 Per Share https://t.co/iPpZqND8YE #stocks,0,1.0
"RT @awallenstein: BREAKING: Disney+ reaches 50 million paid subscribers in 5 months worldwide, $DIS announces...",0,1.0
"RT @gvkreddi: What to understand from the #NiftyAuto index?

No truck, car or bus sold &amp; no truck, car or bus moves but  #stock prices can‚Ä¶",0,0.0
"RT @gvkreddi: #Nifty50 stocks today with returns &gt;2%. Other than sentiment, what's different from day before yesterday &amp; yesterday to today‚Ä¶",0,1.0
"RT @SquawkAlley: .@Intel CEO Bob Swan discusses the company's $50 million commitment to help fight the virus outbreak. 

@cnbc @jonfortt $I‚Ä¶",0,1.0
$GOOG #patent 20200110738 RECONCILING CONFLICTS BETWEEN REPLICAS OF TREE-STRUCTURED DATA #tech #IP #research https://t.co/8HwKszfzyt,0,1.0
"In the meantime, the market has rallied more than 11% during the last three days. Yep, 11% in three days. $SPX https://t.co/q361pNoVbM",0,1.0
$AAPL #patent 20200110446 TRIMLESS GLASS ENCLOSURE INTERFACE #tech #IP #research https://t.co/l3LVRGMz6q,0,1.0
"I wonder if ANYONE has considered the possibility that a large percentage of #workers could be #shareholders as well. 

#trading #investing #markets #DowJones #SP500 #stocks #Politics #coronavirus #COVID19 https://t.co/h5QYmfqWWd",0,1.0
"RT @SusanLiTV: #stocks hit session highs on this news üëá
Relieved that a man that wants to break up big #technology &amp; big #Banks 
#Health st‚Ä¶",0,1.0
"RT @qwerkey1: ""Companies in the S&amp;P 500 Index that are likely to receive assistance from Mnuchin‚Äôs fund include Boeing, Southwest Airlines,‚Ä¶",0,1.0
RT @CryptoInvestin4: $BAC was the first of the big banks to get its #PaycheckProtectionProgram portal up and running. The #bank has receive‚Ä¶,0,1.0
"Bernstein Daily Performance Update - YTD: #DAX (-22.01%); S&amp;P 500 (-14.88%); #RTS (-28.04%); SPDR #Gold Shares (8.22%); #Bitcoin (1.95%)
#ETF #Indexes #Indice #Shares #Performance #Stocks  #Compounding #BTC #ValueInvesting #Compounding #Benchmarks",1,0.0
"$SAR #Gr. Sarantis S.A. Sarantis Sa: 2 directors bought: Two Directors at Sarantis Sa bought 17,000 shares at between 6.790EUR and 6.960EUR. The significance rating of the trade was 61/100. Is that information sufficient for you to make‚Ä¶ https://t.co/OkDOhQgquN #equity #stocks",1,1.0
"Goodmorning #shylobots üëÉ

$SPX #US500 #SNP500 $SPY #ES_F #M_ES $NQ_F #NDX https://t.co/Tx3tJmEjDg",1,1.0
"What do you guys think about the latest bounce? Economically speaking I am very pessimistic for 2020. Obviously the exchange is forward looking, but isn't it a bit to optimistic at the moment? I don't see USA fixing this pandemic as it should be. #covid #stocks #CoronaCrisis",0,1.0
"RT @awallenstein: BREAKING: Disney+ reaches 50 million paid subscribers in 5 months worldwide, $DIS announces...",0,1.0
$GOOG #patent 20200109961 Adaptive and Personalized Navigation System #tech #IP #research https://t.co/8jIaVa3djw,0,1.0
$AAPL #patent 20200110473 CAPACITIVE GAP SENSOR RING FOR AN INPUT DEVICE #tech #IP #research https://t.co/tokE4Cwp3b,0,1.0
#cipla is on a different kind of substance I guess üòÖ. 36% up in the past 4 sessions on the EOD chart. Trading above 200 SMA too. #stocks #StockMarket https://t.co/6QXrW8IkEb,1,0.0
"RT @IamBitmannn: Shorted $LINK yesterday from $3.00-$3.09, and exited at $3.13.

Now going to short again around $3.40.

Not sure if it gli‚Ä¶",0,1.0
"RT @awallenstein: BREAKING: Disney+ reaches 50 million paid subscribers in 5 months worldwide, $DIS announces...",0,1.0
RT @PaulRitchiepr: Fascinating discussion regarding the incredible clout of the stimulus programme.  With @_HadleyGamble #stocks #coronavir‚Ä¶,1,1.0
"$BAC was the first of the big banks to get its #PaycheckProtectionProgram portal up and running. The #bank has received 177K applications from small #businesses for a total of $32.6B in loans...If approved, that would #account for almost 10% of the $350B passed by #Congress.",0,0.0
"Good returns in the falling market?Know how.
https://t.co/ICoEoj585M
#StockMarket #stocks #Economia #investing #Investment #ThursdayThoughts #finance #Nifty #profits",1,1.0
Do you know everything while trading in $DJIA $CAT $XOM $GS https://t.co/8zP8MKc2dK https://t.co/wRpUlx75RW,0,0.0
"Shorted $LINK yesterday from $3.00-$3.09, and exited at $3.13.

Now going to short again around $3.40.

Not sure if it glides past this resistance. 

FYI, I hold more $LINK than any other Altcoin for long-term.

#Bitcoin #LINK #XRP #ETH #COVID19 #forex #stocks $BTC https://t.co/ZhoEL6Lirq",0,0.0
"**Riddhi Siddhi Share Brokers**

*LOSS RECOVERY CALL*

*GO LONG üöÄIN #AMBUJACEM CMP 159 LOT SIZE 2500*

GO WITH STRICT *STOP LOSS* AS PER YOUR RISK APPETITE

Refer our disclaimer #RIDDHISIDDHI #stocks #investing #trading #investkarbefiker",0,1.0
"RT @asadcfb: BUY #USDJPY at 108.85
SL 108.35
TP 109.40/50

Follow me for the Real Time Live trading signals in Global Financial Markets

#f‚Ä¶",0,0.0
"Packaging #inventory #stocks for shipment on request, immediate production of #handsanitizer, 75% #alcoholsterilizer, and #liquidsoap, please email sales@srpackaging.com to reserve your #packaging, No MOQ, https://t.co/1dRfPYxDEm https://t.co/GI8TCpJKBM",0,0.0
"@the_chart_life Interesting you pick out #molina #healthcare -it's been in buy on our system since NOV 2019. Shows up different approaches different time frames. See chart. Key: above the cloud ""In Buy"" below ""In Sell"" #SP500 $MOH https://t.co/NjJwKS0juf",0,1.0
"RT @awallenstein: BREAKING: Disney+ reaches 50 million paid subscribers in 5 months worldwide, $DIS announces...",0,1.0
"RT @gvkreddi: What to understand from the #NiftyAuto index?

No truck, car or bus sold &amp; no truck, car or bus moves but  #stock prices can‚Ä¶",0,0.0
"RT @williamoneilco: ""The whole secret to winning big in the stock market is not to be right all the time, but to lose the least amount poss‚Ä¶",0,1.0
"RT @awallenstein: BREAKING: Disney+ reaches 50 million paid subscribers in 5 months worldwide, $DIS announces...",0,1.0
#SPX500 If you short there will be a bounce on 2685-2680 https://t.co/gV9YaWq2gW,1,1.0
"RT @leadlagreport: Have a big writing coming out tomorrow on @seekingalpha.

Title?

The Greatest Disconnect Between Stocks And The Economy‚Ä¶",1,1.0
RT @anjeltrade: $DIS  with that subscribers boost pushing the stock higher-up. Close above 108 can give this stock a breather from shorts n‚Ä¶,1,1.0
"RT @RichLightShed: With 50 million subs and growing, Disney should use @disneyplus to replace theatrical window -- raise pricing to $15-$20‚Ä¶",0,1.0
RT @SGA2K: @Hercules_Trader Would have been a good play today.. $DIS did well!,1,1.0
RT @JerryCap: $GOOG is now a value investment https://t.co/eevfn4FYrC,1,1.0
"#BalkrisInd fut buy abv 892.85

Did UC and high made 918.4 üöÄ üöÄ
Lot size 800

#stocks
#StocksToTrade
#stockstowatch
#StockMarket
#Nifty
#Sensex https://t.co/a7Ql6n1R9Y",1,1.0
Gold - Positioning itself for the next move taking it above $1700 #gold #silver #preciousmetals #GDX #GDXJ #HUI #business #finance #investments #stockmarket #fintwit #stockstotrade #stockstowatch #fintwit #stocks https://t.co/5Ah06r0sBd,1,1.0
"/ym up 278 points and /es up 27 points ahead of the producer price index (PPI) report @ 8:30 EST, intitial jobless claims report @ 8:30 EST, and the Michigan consumer expectations @ 9:00 EST. #ppi #joblessclaims #michigansentiment #economiccalendar #trading #stocks #news",0,1.0
$NYMO overbought but could get more overbought. Does seem like a temporary pullback is due soon before higher $SPX https://t.co/IDZ2kYPWRH,0,0.0
"Recording of Seminar: Are World Indices Entering into A Crash Territory? --&gt; https://t.co/b9AMpDfgza
$SPX $YM_F $DAX $FTSE #Elliottwave #SPX #INDU #DAX #FTSE https://t.co/HCg6o3Yk9u",0,1.0
"Is the latest up-move in #equities stretched too far? We pay attention to the #Dow30 as it is very close to the 50% Fibo resistance, the VWAP and the upper BBand. It is more likely sellers to become more active again around these levels.

#forex #trading #investing #stocks https://t.co/pjr8grdUJh",0,0.0
"RT @Investingcom: BREAKING:

DISNEY SHARES JUMP 4% AS DISNEY+ SUBSCRIPTIONS TOP 50 MILLION

$DIS https://t.co/hxxJNbgTqS",0,1.0
"RT @awallenstein: BREAKING: Disney+ reaches 50 million paid subscribers in 5 months worldwide, $DIS announces...",0,1.0
RT @SeekingAlpha: Big Picture Perspective On Bear Markets With Recessions. https://t.co/v6nM1BEHyX #investing #trading #stocks,0,1.0
"RT @awallenstein: BREAKING: Disney+ reaches 50 million paid subscribers in 5 months worldwide, $DIS announces...",0,1.0
$SPX heading back to the 50 MA https://t.co/yYBBUMC706,0,0.0
Investment Analysts‚Äô Recent Ratings Changes for Brightsphere Investment Group $BSIG https://t.co/cn0rLJj5Uj #stocks,1,1.0
2600 on #SPX500 is where we have to close the week today to keep this #Bull #Market going for now :) happy Easter! https://t.co/W52lcJgBe5,1,0.0
"#European #indices far weaker than the #US the strongest of which is the #NASDAQ100 which is still in buy on our system. See charts on it, #ftse100 #DAX30 &amp; #Ibex35 for comparison. Key: above the cloud ""In Buy"" below ""In Sell"". #trading #investing #stocks #COVID19 #COVID2019 https://t.co/HCP1g9vXxk",0,1.0
"RT @RichLightShed: With 50 million subs and growing, Disney should use @disneyplus to replace theatrical window -- raise pricing to $15-$20‚Ä¶",0,1.0
$SAP #SAP AG SAP : Resilient revenue growth in Q1 and satisfactory new FY 2020 guidance: &gt;Resilient revenue growth in Q1 but weak EBIT margin - SAP pre-announced its Q1 2020 results last night because of a miss at the non-IFRS EBIT level‚Ä¶ https://t.co/1ORGsZHbkZ #equity #stocks https://t.co/bKLKvucQgb,0,1.0
$SAP #SAP AG SAP : Resilient revenue growth in Q1 and satisfactory new FY 2020 guidance: &gt;Resilient revenue growth in Q1 but weak EBIT margin - SAP pre-announced its Q1 2020 results last night because of a miss at the non-IFRS EBIT level‚Ä¶ https://t.co/ch2IoeW8kl #equity #stocks https://t.co/GQ9uIckx24,0,1.0
RT @AmericanBanking: Zacks: Analysts Anticipate Avnet $AVT Will Announce Earnings of $0.33 Per Share https://t.co/CcRf9K4Cvx #stocks,0,1.0
"Morning Update: 
- Markets positive with people touting 'peak pandemic' phase
- $SPX futures up 1.20% 
- Google bans $ZM desktop app 
- OPEC+ meeting today! https://t.co/kDz17ZwWlB",1,1.0
@TicTocTick $DIS 62.48 Let‚Äôs see...,0,1.0
"Sensex soars 1192.58 points; currently at 31,086.54

#Nifty #ShareMarket #StockMarket #Stocks #Sensex #Update https://t.co/pISuGzbXqS",0,0.0
"S&amp;P 500 | $SPX | $SPX500 $USD

Optimism is good but (1500-1600) can't be ignored

Long or short it with BTC on Trade8: https://t.co/MIe9xn4UCg https://t.co/U17LOoMPlF",0,1.0
$DIS Distil sees high demand for booze during UK lockdown https://t.co/qA5JpjDddp via @proactive_UK  #DIS,0,1.0
STARBUCKS U.S COMPS SALES DOWN 60-70% IN LAST WEEK IN MARCH - #CNBC #trading #news #stocks,0,1.0
"@DaytradingLuke That ""higher"" was good enough to fill orders in the middle of the zone, now we manage our entries, IF we have some. It can fail, make a false break and fail, OR go higher through the stops. First test was gone, now to see is R holding, and $DAX following $SPX which is strong",0,1.0
"02 opposite things are rising within #India !!!

(1) CORONA cases

(2) StockMarkets - #BSE, #NSE etc.,

Investors be cautious - #Bulls / #Government can't pull it back - Its Temporary (Time being)

#StockMarket 
#stocks",0,1.0
"RT @CurrencyWar1: CONCERNING DIVERGENCE
$SPX tracked $USDCNH 1:1 recently. Question I've asked is whether China can hold the line and keep‚Ä¶",0,1.0
$spx only 13 points away from the 50% out of the session! https://t.co/aab1sZilYF,0,0.0
"Atlas Air Worldwide Holdings, Inc. $AAWW Given Average Rating of ‚ÄúBuy‚Äù by Brokerages https://t.co/oIv7D5EHHV #stocks",1,1.0
"WellCare Health Plans, Inc. $WCG Receives Consensus Rating of ‚ÄúHold‚Äù from Analysts https://t.co/2Y56gFab7Z #stocks",1,1.0
Cardiovascular Systems Inc $CSII Receives Average Rating of ‚ÄúHold‚Äù from Brokerages https://t.co/er2qvovGj3 #stocks,0,1.0
Analysts Anticipate Wisdom Tree Investments Inc $WETF to Post $0.06 EPS https://t.co/mflBJrch6P #stocks,0,1.0
Msci Inc $MSCI Receives Average Recommendation of ‚ÄúBuy‚Äù from Analysts https://t.co/pfbc32KYJ8 #stocks,1,1.0
Brokerages Expect Community Health Systems $CYH to Post -$0.35 EPS https://t.co/WrUdbemsoC #stocks,0,1.0
Market is back to steroid mode as Fed's keep inducing the $$$ drug.  Economy is  a drug addict and Drumpf is now the drug dealer to keep the ponzi scheme going $SPY $SPX $ES_F,0,1.0
Compare with #djia #SP500 #NASDAQ historical results data: https://t.co/UokBHsdq54 https://t.co/iHqDXcti0d,0,1.0
"$AF #Air France-KLM ... Benelux Morning Notes: Air France-KLM: Start of collapse in traffic numbers visible. KPN: Limited Covid-19 impact in Q1, no update on 2020 guidance yet. Ontex: Dear Prudence‚Ä¶. Recticel: Feedback from investor call‚Ä¶ https://t.co/Pxp0uO6Pgv #equity #stocks",0,1.0
"@freezerohedge it is very good for SP500 stocks, with 6.5 million unemployed SP500 touch 2750 zone, with 13 million unemployed it will hit new all time highs.",1,1.0
"RT @AlkaneResources: Latest significant intercepts at Alkane‚Äôs San Antonio prospect, with assay results for the final ~7,000 metres showing‚Ä¶",0,1.0
"Important factors before investing in #Mutualfunds
#investmufunds #mutualfundsindia #mutualfundsip #invest #investments #investment #investor #investing #sip #stockmarket #equity  #finance #insurance  #money #healthinsurance #bonds #sharemarket #stocks #advisor #loans #nifty https://t.co/0TdPgBgFxV",1,1.0
"Yet another big day &amp; a big week on the #ftse100 but it's still in SELL on our system. It's one of the weakest #indices. See chart. Key: above the cloud ""In Buy"" below ""In Sell"" #uk #trading #investing #stocks #trading212 #TradingSignals #COVID19Pandemic #COVID19 #coronavirus https://t.co/ZvaY8e8N5A",0,0.0
"Day 34 (Wk7) Equities #Selloff
üá∫üá∏ overnight 
US $VIX: down -3 to 43
S&amp;P500: up +3.4% at 2750
Channel width: 25% (-2%)
üá¶üá∫ today: materially &lt; US
Aus $XVI: down -4 at 30
#ASX200: up 3.5% at 5387
[futures drive ex London]
Channel width: 17% (-3%)
$SPX #ausecon #ausbiz https://t.co/fzjhBSr1uW",0,1.0
Hurry up and wait? Why relief to small businesses has lagged $JPM #JPM #Governmentprograms #Legislature #Governmentaidfor https://t.co/5c5jbPJQyP,0,0.0
"RT @awallenstein: BREAKING: Disney+ reaches 50 million paid subscribers in 5 months worldwide, $DIS announces...",0,1.0
Like C said. Lots of technical damage but there is usually a rally few days before easter on #es.  Why that is? I have some thoughts but no idea for sure :) #btfd $spx #sp500 #nq #djia #uftrr https://t.co/RytDDkDYJN,0,0.0
RT @MacroVigilante: We are heading into a global depression with mass unemployment and complete demand collapse. And all I can hear from th‚Ä¶,0,0.0
"#GujaratGas looks good for short term,
Bought at 230
Strict Stop Loss 226
#Nifty 
#NiftyBank 
#StockMarket 
#stocks",1,1.0
Zacks: Bank of Commerce Holdings $BOCH Receives Consensus Recommendation of ‚ÄúHold‚Äù from Analysts https://t.co/67Y6JBoTuj #stocks,0,1.0
RT @aRishisays: Goodbye bear market. It was nice to know you! #COVID $SPX https://t.co/DurSxtdwxx,1,1.0
Seanergy Maritime Holdings Corp. $SHIP Given $1.30 Average Price Target by Brokerages https://t.co/4CS7e2uXhQ #stocks,1,0.0
"Echo Global Logistics, Inc. $ECHO Given Consensus Recommendation of ‚ÄúHold‚Äù by Analysts https://t.co/I3C9gVEfMo #stocks",1,1.0
"Inter Parfums, Inc. $IPAR Given Consensus Recommendation of ‚ÄúHold‚Äù by Brokerages https://t.co/Yfeojt9rLN #stocks",1,1.0
"$ALRS #ALROSA ao ... BCS Equity Daily: Index Alert, Economics, TMK, Alrosa: OPEC+ bets, Virus hopes ‚Ä¶ US jobs in focus Ahead: Waxing hopeful. A carry over of some optimism vis-√†-vis the less dire projection of COVIS-19 in the US is‚Ä¶ https://t.co/ekEwgkKTof #equity #stocks",0,1.0
"Using a static stop loss rule, such as a fixed 7% in all market conditions, will result in consistent under-performance. 

Stops need to be adjusted based on market/stock volatility.

$SPX daily ATR (range) went 7x this year. When vol. goes 7x, stop formulas need to be adjusted.",0,1.0
RT @tradingcrudeoil: Crude oil closed up $0.48 at $24.10 today. Prices closed near the session low. The bears have the firm overall near te‚Ä¶,0,1.0
"RT @awallenstein: BREAKING: Disney+ reaches 50 million paid subscribers in 5 months worldwide, $DIS announces...",0,1.0
DRDGOLD Ltd. $DRD Given $9.25 Consensus Price Target by Analysts https://t.co/5vmVGW5nSF #stocks,0,1.0
"RT @Investingcom: BREAKING:

DISNEY SHARES JUMP 4% AS DISNEY+ SUBSCRIPTIONS TOP 50 MILLION

$DIS https://t.co/hxxJNbgTqS",0,1.0
"RT @gvkreddi: #Nifty50 stocks today with returns &gt;2%. Other than sentiment, what's different from day before yesterday &amp; yesterday to today‚Ä¶",0,1.0
"#stocks 

#Companies with ""Cash Reserve"" More then ""Mcap"" 

Companies have seen good correction YTD 

Major of them at attractive valuation (PE &gt;10) 

Low, No Debt 

@CNBC_Awaaz @deepaliranaa @YatinMota https://t.co/xpYI3kRHQg",1,1.0
RT @movie_theaters: AMC Tells Its Landlords: We're Not Paying Rent Anymore @themotleyfool #stocks $AMC https://t.co/gqVctHkkSE,0,0.0
"#Nifty50 stocks today with returns &gt;2%. Other than sentiment, what's different from day before yesterday &amp; yesterday to today? ü§î

BTW, not complaining at all, I have many of them in my long term as well as short term portfoliosüòÄ

#investing #Investment #stockstowatch #stocks https://t.co/t5aOeJzJ58",1,1.0
Analysts Anticipate Wisdom Tree Investments Inc $WETF to Post $0.06 EPS https://t.co/ZXqpYPfJ6g #stocks,0,1.0
Brokerages Expect Community Health Systems $CYH to Post -$0.35 EPS https://t.co/0wvYKcuZSW #stocks,0,1.0
"RT @ISABELNET_SA: üá∫üá∏ S&amp;P 500 &amp; Earnings Revisions

In recent history, the S&amp;P 500 has bottomed when the second derivative of earnings revis‚Ä¶",0,1.0
Is today the day $BTC catches up with the #SPX500?,0,1.0
Possible of turning down https://t.co/1IxUcAN1TF $SPX,0,0.0
"RT @gvkreddi: What to understand from the #NiftyAuto index?

No truck, car or bus sold &amp; no truck, car or bus moves but  #stock prices can‚Ä¶",0,0.0
"#Escorts looks like a good candidate for a short term swing trade if closes above 690 today. Has taken support just below 200 SMA and has crossed 20 SMA on the EOD chart.

Not a recommendation. Just an analysis. #stockstowatch #stocks https://t.co/QxsN8DS98V",0,1.0
"Our forex results for the last week of MARCH!

dont miss out on signals : https://t.co/KNg1Tw6wl5

#FB #fx #stocks #CRYPTO #Forex $ETH #XAUSUD #forextrading #EURCHF #AAPL #XAGUSD $BTC #forexsignal #EURUSD $BTC 311476932 https://t.co/mALI6GxdYq",1,1.0
"RT @JunkoSu22993224: Jeff Bezos Is Rumored To Be Backing #Chainlink. To Take Advantage of #Smartcontracts, @amazon is integrating $link ora‚Ä¶",0,1.0
RT @SJD10304: Beyond impressed with momentum in the ratio of equal weight $SPX to cap weight $SPX to sound the alarm *before* each of the 3‚Ä¶,1,1.0
"That's the kind of guy u wish him &amp; his entire family get sold a plot of land by #SCHUMER #AMATO crew to breed kids w/ #AUTISM. A connection a bldg dept &amp; health dept of the 80s 90s wouldnt put together.

Do u UNDERSTAND WHY THE  HATE YET? 

@jpmorgan #Bitcoin #litecoin $JPM https://t.co/21oaM74oIt",0,1.0
PrairieView Partners LLC Takes Position in Intel Co. $INTC https://t.co/vTExBfjzd7,1,1.0
UnitedHealth Group Inc $UNH Stake Cut by PrairieView Partners LLC https://t.co/z01BVU8euD,1,1.0
"Adviser Investments LLC Raises Position in Merck &amp; Co., Inc. $MRK https://t.co/PsUyj2Xu0C",0,1.0
"RT @bsindia: Here's a look at how the Nifty Pharma index and key pharma stocks look on technical charts and how you should trade them

#Nif‚Ä¶",0,1.0
And we are through... #SP500 https://t.co/pHYOKkMTrL,0,0.0
"RT @awallenstein: BREAKING: Disney+ reaches 50 million paid subscribers in 5 months worldwide, $DIS announces...",0,1.0
RT stock_family: $ZOM üí• https://t.co/1IvTNtoPHn - https://t.co/YWb0YTEzG0 #options #stockmarket #daytrader #stocktrading #stockoptions #news #stocks #OptionsTrading $aapl $spy $amd,0,1.0
"RT @gvkreddi: What to understand from the #NiftyAuto index?

No truck, car or bus sold &amp; no truck, car or bus moves but  #stock prices can‚Ä¶",0,0.0
Overhead resistance. Could be the turn for the S&amp;P. $ES $SPX https://t.co/dwVsL9z8yi,1,0.0
"RT @flyonthechart: You get a billion, you get a billion, and you get a billion, everybody gets a billion!!!  üí∞üí∞üí∞üí∞üí∞üí∞üí∞üí∞

#trading #investing‚Ä¶",1,0.0
$spy $gspc $aapl $nflx $goog $tsla Swiss regulator says it welcomes UBS and Credit Suisse move to delay half their dividends  https://t.co/7sIWeGhVmi,0,0.0
"RT @bsindia: Here's a look at how the Nifty Pharma index and key pharma stocks look on technical charts and how you should trade them

#Nif‚Ä¶",0,1.0
Having 10 different news tabs open for $AAPL $DB $BP? We give you 1 https://t.co/9YbMBGB52N https://t.co/Iz6Zz1vhL3,0,0.0
Check out our Bull &amp; Bear-Certificates on #NetEase: https://t.co/C1DG7zJGDg #structuredproducts #tech #gaming #videogames #streaming #music #ecommerce #homeoffice #subscriptioneconomy #corona #coronavirus #covid19 #bullbear #investing #trading #stocks https://t.co/rW8kK31dAi,0,0.0
"RT @awallenstein: BREAKING: Disney+ reaches 50 million paid subscribers in 5 months worldwide, $DIS announces...",0,1.0
RT @BearingtonTrade: $dis Disney+ Now Has 50 Million Paid Subscribers. That Won‚Äôt Save Disney‚Äôs 2020. - Barron's https://t.co/YQteLd7G8a,0,1.0
"Our forex results for the last week of MARCH!

hurry get Free signals : https://t.co/AHymvNPepS

#stocks #FB #forexsignal #XAUSUD #forextrading #XAUUSD $ETH #GBPUSD #USOIL #XAGUSD #EURCHF $BTC $BTC #CRYPTO #AAPL 417771143 https://t.co/olPCZkjChg",0,1.0
"$SPX - Max level - (2750 - 2770) 
Time to Short  #SP500 https://t.co/GK9gg9DbQk",0,1.0
"RT @bsindia: Here's a look at how the Nifty Pharma index and key pharma stocks look on technical charts and how you should trade them

#Nif‚Ä¶",0,1.0
"RT @awallenstein: BREAKING: Disney+ reaches 50 million paid subscribers in 5 months worldwide, $DIS announces...",0,1.0
"RT @awallenstein: BREAKING: Disney+ reaches 50 million paid subscribers in 5 months worldwide, $DIS announces...",0,1.0
Anglo Pacific Group Revised final dividend timetable and new AGM date - https://t.co/GfFrkpo1V1 - $APF #Trading #Shares #Stocks #Ratings https://t.co/g7wMdI3JOf,0,0.0
Trainline Significant fall in industry passenger numbers over past month - https://t.co/0X9zkGVcKP - $TRN #Trading #Shares #Stocks #Ratings https://t.co/7hXUCNU3N4,0,1.0
"RT @CNBCnow: BREAKING: Disney+ surpasses 50M subscribers globally; $DIS shares pop more than 4% after hours 

https://t.co/SLfhgCMvbd https‚Ä¶",0,1.0
CentralNic Group Q&amp;A: No negative impact from COVID-19 (LON:CNIC) - https://t.co/8S1qKaexMW - $CNIC #Trading #Shares #Stocks #Ratings https://t.co/AGFb5cs3kb,1,0.0
"Zotefoams CEO David Stirling Says 'Performing well, in line with strategy' (Interview) - https://t.co/nb3S1LoqR2 - $ZTF #Trading #Shares #Stocks #Ratings https://t.co/dhyL0RJ0TT",0,1.0
"RT @awallenstein: BREAKING: Disney+ reaches 50 million paid subscribers in 5 months worldwide, $DIS announces...",0,1.0
"RT @awallenstein: BREAKING: Disney+ reaches 50 million paid subscribers in 5 months worldwide, $DIS announces...",0,1.0
"RT @TradeWithMrsLi1: Thanks for the compliment 
Is not too late. Be #smart 
#success #forextrader #altcoin #binance #wealth #bitcoinprice #‚Ä¶",1,1.0
"#Repost investing_idea
‚Ä¢ ‚Ä¢ ‚Ä¢ ‚Ä¢ ‚Ä¢ ‚Ä¢
DO you agree?
Follow @trade3x3 #trade3x3üëçüí∞
#investing #invest #stocks #money #realestate #bitcoin #crypto #trending #finance #cryptocurrency #estate #stock #stockmarket #advice‚Ä¶ https://t.co/OoydI3eG7P",1,1.0
"Covid-19: US Surpasses China in Confirmed Cases, China PMI Improves https://t.co/BoBPwXxMwj 

#Covid19 #coronavirus #COVID19 #Stocks #USA #China #Trade #Trading",1,0.0
"Wednesday's Top Flow in #healthcare sector, Buy Flow and Sell Flow. $GILD $BIIB $ISRG $CERN $ALXN $AGN $THC $MYL $ZTS $WAT $AMGN $JNJ $UNH $REGN $VRTX $BSX $ABBV $LLY $TMO $MRK #stocks #StockMarket #stock #stockstowatch #stockmarketnews #StocksToTrade 
https://t.co/5JE2nlrW3B https://t.co/rz4ackwxSu",0,0.0
"It used to be the #banks leading the #XJO in either direction. In 2020 its $CSL, which during the week retraced back to its previous downtrend before breaking out today. So its no surprise Aussie #stocks are breaking as well. https://t.co/jlmvQUd68M",0,0.0
@Nouriel can you explain why SP500 and VIX goes together ? this anounce a big crash !?,0,1.0
"#MarketswithMC | #BSE and #NSE advise members to take extra caution while trading in nearly 480 illiquid #stocks. Here's moreüëá

#stockmarket #stockstowatch
https://t.co/5fHLrV2gYS",0,1.0
"RT @RichLightShed: With 50 million subs and growing, Disney should use @disneyplus to replace theatrical window -- raise pricing to $15-$20‚Ä¶",0,1.0
"RT @Focus_on_Dvds: Notable #Analyst Upgrades and Downgrades for Week of #March 30, 2020 $AMT $BEP $BMY $CHRW $DIS $EMN $ETN $ITW $KSU $MO $‚Ä¶",1,1.0
"If you are thinking of carrying this beyond 9150 you need to pray SP500 does not misbehave tonight.
We open on tuesday without much global clues post today. 
And the nifty bulls have 375 minutes to do as they please. 

Eisk:reward for carrying longs is not in your favour.",0,1.0
"Wed.'s Top Flow in #consumer discretionary sector, Buy Flow and Sell Flow $AMZN $CMCSA $CCL $SBUX $MAR $CMG $ORLY $F $DLTR $GRMN $NFLX $DIS $TJX $ROST $HD $TIF $YUM $NKE $EXPE $MCD #stocks #StockMarket #stock #stockstowatch #stockmarketnews #StocksToTrade 
https://t.co/5JE2nlrW3B https://t.co/VXAtHZ05iX",1,1.0
"RT @MertiumFin: ""Data from investor Howard Marks shows why there may be another drop in stocks coming soon""  #data #Howard #shows #stocks #‚Ä¶",0,1.0
"RT @Amdalleq: Morgan Stanley Chief Investment Officer on CNBC:

Prices are attractive but we don't really know what's gonna happen. Actuall‚Ä¶",0,1.0
Oppenheimer Analysts Reduce Earnings Estimates for Home Depot Inc $HD  https://t.co/IAqKLQy5zl,1,1.0
Big test for the S&amp;P 500 today as it approaches Aug-19 lows and 50% Fib level. #trading #stocks,1,1.0
"RT @hannanmetals: From oil to copper to coal, China‚Äôs gigantic commodities industry is signaling that the first economy to be flattened by‚Ä¶",0,1.0
RT @brandonkruger5: Bill Gates you couldn‚Äôt stop Windows from getting a virus but you‚Äôre going to stop the whole world from getting one?  @‚Ä¶,1,1.0
RT @EpochTimes: Sen. @KLoeffler said she'd liquidate her #Stocks after claims she misused privileged info to adjust her portfolio ahead of‚Ä¶,0,1.0
"My bag for this day: $gold, $spx, $atom",1,0.0
"RT @CNBCnow: BREAKING: Disney+ surpasses 50M subscribers globally; $DIS shares pop more than 4% after hours 

https://t.co/SLfhgCMvbd https‚Ä¶",0,1.0
RT @QuantTradeModel: $MRNA : Our models indicated a long-term SHORT/SELL signal for #moderna. Currently at 32.42. #pharma #stocks #algotrad‚Ä¶,0,1.0
RT @brandonkruger5: Bill Gates you couldn‚Äôt stop Windows from getting a virus but you‚Äôre going to stop the whole world from getting one?  @‚Ä¶,1,1.0
"RT @CNBCnow: BREAKING: Disney+ surpasses 50M subscribers globally; $DIS shares pop more than 4% after hours 

https://t.co/SLfhgCMvbd https‚Ä¶",0,1.0
"RT @amir: New: Microsoft‚Äôs rival to AWS, called @Azure, is a success but has buckled under recent covid-19-related pressure &amp; also has had‚Ä¶",0,1.0
"RT @HenrikZeberg: It is not over yet, despite rally in #SP500. We are not even through the illiquid deflationary part of the crisis. Worst‚Ä¶",0,1.0
"RT @CoinSonarBot: Dow Jones Industrial | 1929 and 2020 comparison | 
Look at all the similarities in two.

ùóüùó≤ùó≥ùòÅ: 1917, 1920 crash and 1929'‚Ä¶",0,1.0
"RT @awallenstein: BREAKING: Disney+ reaches 50 million paid subscribers in 5 months worldwide, $DIS announces...",0,1.0
"RT @OCDstocks: SPOM is current, about to release financials and the chart is primed üëáüëá $GCGX $GERS $GHSI $GPOR $GRNF $GRPN $GTXO $HAL $HCC‚Ä¶",0,1.0
"RT @awallenstein: BREAKING: Disney+ reaches 50 million paid subscribers in 5 months worldwide, $DIS announces...",0,1.0
"RT @awallenstein: BREAKING: Disney+ reaches 50 million paid subscribers in 5 months worldwide, $DIS announces...",0,1.0
RT @kylewdennis: #FirstOn5G $VZ $T $TMUS  How many of you guys have seen these trucks popping up all over the country? I for one took notic‚Ä¶,0,1.0
‚ÄúSo more than FMCG that is considered the usual line of defense the Healthcare industry that is in the eye of the storm might be in a better position. Does that make for‚Äù https://t.co/Uw3K7YzqV1 #FMCG #Pharmaceutical #defensive #stocks #sector #analysis https://t.co/ZD8iQD34AQ,0,1.0
"RT @RichLightShed: With 50 million subs and growing, Disney should use @disneyplus to replace theatrical window -- raise pricing to $15-$20‚Ä¶",0,1.0
"RT @awallenstein: BREAKING: Disney+ reaches 50 million paid subscribers in 5 months worldwide, $DIS announces...",0,1.0
"""Data from investor Howard Marks shows why there may be another drop in stocks coming soon""  #data #Howard #shows #stocks #market
https://t.co/X5jBOBwIwg by Fred Imbert  V/@CNBCi
@GregPalmer47 
@DanLatimore
@Celent_Research",0,1.0
Set signals and make money #daytrading #forex #stocks #options https://t.co/u4BJiw4Xfh,0,1.0
"$SPY $DJI #NASDAQ #DowJones #SP500 #futures #oil #gold #silver

All Green üëçüëèüëå https://t.co/MYoGemppQK",1,1.0
Jefferies Financial Group Equities Analysts Reduce Earnings Estimates for Alphabet Inc $GOOG https://t.co/9CvWos4shG,1,1.0
"RT @CNBCnow: BREAKING: Disney+ surpasses 50M subscribers globally; $DIS shares pop more than 4% after hours 

https://t.co/SLfhgCMvbd https‚Ä¶",0,1.0
Research Analysts Issue Forecasts for Alphabet Inc‚Äôs Q2 2020 Earnings $GOOG https://t.co/5wZExTpGqP,0,1.0
@gualestrit Long $DIS,0,0.0
Research Analysts Issue Forecasts for Alphabet Inc‚Äôs Q2 2020 Earnings $GOOG https://t.co/aZHEUkU4eB,0,1.0
"RT @OCDstocks: SPOM is current, about to release financials and the chart is primed üëáüëá $GCGX $GERS $GHSI $GPOR $GRNF $GRPN $GTXO $HAL $HCC‚Ä¶",0,1.0
Research Analysts Issue Forecasts for Alphabet Inc‚Äôs Q2 2020 Earnings $GOOG  https://t.co/ot1GQSjBSo,0,1.0
"According to pure technical market analysis, the SP500 is out of a bear market again... Will it hold?",0,1.0
"Moving money from equity to debt in the last stages of any financial goal ensures that the corpus does not erode suddenly due to a fall in the stock market

#stocks #markets

https://t.co/Z5WIvnjqxA",1,1.0
"RT @CoinSonarBot: Dow Jones Industrial | 1929 and 2020 comparison | 
Look at all the similarities in two.

ùóüùó≤ùó≥ùòÅ: 1917, 1920 crash and 1929'‚Ä¶",0,1.0
"Watch me live on CNBCTV18 at 11.45 am discussing about #Nifty #Stocks and #Trade setup
Check latest interviews here -https://t.co/stzovlXcKm
#technocalanalysis",0,1.0
RT @IGAus: IG's Joshua Warner examines some of the companies currently attempting to make vaccinations and treatments for the coronavirus.‚Ä¶,0,1.0
Investment Analysts‚Äô Recent Ratings Changes for City $CHCO https://t.co/v4IlRU0P8z #stocks,1,1.0
"For those who are feeling bullish since #Nifty bounced up from an intermediate low of 7500, here are some words of caution. The index is forming a bearish 'rising wedge' pattern. A similar pattern is also forming on #SPX500 chart.",0,1.0
Investment Analysts‚Äô Weekly Ratings Changes for Superior Group of Companies $SGC https://t.co/78x0xghqKw #stocks,0,1.0
Intel Co. $INTC Receives Average Recommendation of ‚ÄúHold‚Äù from Brokerages https://t.co/edtIDRcAsC,1,1.0
RT @LaMonicaBuzz: JPMorgan Chase CEO Jamie Dimon unsurprisingly has a very gloomy outlook for the US economy. But he says $JPM is ready to‚Ä¶,0,1.0
Intel Co. $INTC Receives Average Recommendation of ‚ÄúHold‚Äù from Brokerages https://t.co/dMTevoOo1A,1,1.0
Intel Co. $INTC Receives Average Recommendation of ‚ÄúHold‚Äù from Brokerages https://t.co/NJVg2107Hc,1,1.0
"The real trick will be getting people making $2,000 a month for NOTHING and thinking they don‚Äôt need to pay rent to go back to a job. What a bummer, man! ü§ëüöÅüíµ #COVID19 #financialeducation #market #stocks #StockMarket https://t.co/0ze7AIeQQO",0,0.0
If We Get Another Worse Than Expected Result Should Be Bullish For #Stocks. If It Beats Then Its Bullish For Stocks - Expect (At Least) Another 6.5 Million In Jobless Claims. #Jobs https://t.co/ePAkdHAp1I https://t.co/T7ZP1B3Z07,0,0.0
"RT @awallenstein: BREAKING: Disney+ reaches 50 million paid subscribers in 5 months worldwide, $DIS announces...",0,1.0
Expedia Group Inc $EXPE Given Average Recommendation of ‚ÄúHold‚Äù by Brokerages https://t.co/JxHwNph3MM #stocks,0,1.0
Intel Co. $INTC Receives Average Recommendation of ‚ÄúHold‚Äù from Brokerages https://t.co/waQGoGZ8rQ #stocks,1,1.0
"Foot Locker, Inc. $FL Receives Average Rating of ‚ÄúHold‚Äù from Analysts https://t.co/oVXCnWJgpz #stocks",1,0.0
Centennial Resource Development Inc $CDEV Receives Average Rating of ‚ÄúHold‚Äù from Brokerages https://t.co/j403wncnKa #stocks,0,1.0
Realty Income Corp $O Given Consensus Recommendation of ‚ÄúBuy‚Äù by Brokerages https://t.co/0taxZfkofc #stocks,0,1.0
"CommVault Systems, Inc. $CVLT Receives Consensus Recommendation of ‚ÄúHold‚Äù from Analysts https://t.co/bLeb5Kuvy8 #stocks",1,0.0
HP Inc. $HPQ Given Consensus Recommendation of ‚ÄúHold‚Äù by Brokerages https://t.co/HYfOheKH91 #stocks,1,1.0
TCF Financial Co. $TCF Given Average Recommendation of ‚ÄúBuy‚Äù by Brokerages https://t.co/xPTL0cUsAS #stocks,1,1.0
"RT @Amdalleq: Morgan Stanley Chief Investment Officer on CNBC:

Prices are attractive but we don't really know what's gonna happen. Actuall‚Ä¶",0,1.0
"RT @awallenstein: BREAKING: Disney+ reaches 50 million paid subscribers in 5 months worldwide, $DIS announces...",0,1.0
"RT @JunkoSu22993224: Jeff Bezos Is Rumored To Be Backing #Chainlink. To Take Advantage of #Smartcontracts, @amazon is integrating $link ora‚Ä¶",0,1.0
"IF PEAK CURVE DEFINES BEGINNING OF RETURN TO NORMAL - THEN
BOK's decision to hold off rate cuts instructive. Korea, China, HK, Singapore stock mkt recoveries feature well (1st in/out). ( $SPX ) surprised people (tepper) so far, but looks cheap vs Asia as PEAK Global(NY) Arrives. https://t.co/Ac60NO7OSE",0,0.0
RT @DougCristo: $MBRX nice PM trade into the open. My only trade as I had to travel to job sites all day today. No trades yesterday just ma‚Ä¶,0,1.0
"RT @RichLightShed: With 50 million subs and growing, Disney should use @disneyplus to replace theatrical window -- raise pricing to $15-$20‚Ä¶",0,1.0
$SPY $SPX Trumps hair flys off his head...you guessed it! PRICED IN,0,0.0
"RT @charliesmithvcr: B.C. and Alberta securities regulators urge ""extreme caution"" after aggressive promotion of mining company https://t.c‚Ä¶",0,1.0
Rocket run in pharma stocks Sunpharma --Last 1week huge rally suggested to clients at 325 levels in paid group from 312 to 469 üôÇ‚ö°‚ö°‚ö°‚ö°‚ö°#stocks #Trading #nifty #banknifty,1,1.0
$DIS  with that subscribers boost pushing the stock higher-up. Close above 108 can give this stock a breather from shorts near term $DIA $SPY https://t.co/QhAH4rSWGy,1,0.0
"RT @JunkoSu22993224: Jeff Bezos Is Rumored To Be Backing #Chainlink. To Take Advantage of #Smartcontracts, @amazon is integrating $link ora‚Ä¶",0,1.0
"Now days just trading 
#Forex #stocks üìä https://t.co/mxT00jvoxF",0,1.0
"RT @AlanPortell: HEXO Corp ( $HEXO): Potential Revenues Make It A Buy Opportunity.

#stockmarket #stock #money #trading #investing #news #b‚Ä¶",0,1.0
"RT @merryjoportell: Molson Coors-Hexo ( $HEXO ) is launching 6 cannabis beverage brands

#stocks #investment #CNBC #CBD #trading #NASDAQ #n‚Ä¶",0,1.0
RT @davidsettle42: RSI/ CI are not confirming a new breakout yet on $SPX. RSI still hasn't crossed above &amp; stayed above 60. CCI hasn't cros‚Ä¶,0,1.0
"With volumes concentrated in the #cement sector, #KSE100 index jumps over 600pts within 5mins of trading. Index now at 31,610.44. 
#PSX #Pakistan #stocks #equities #CoronaInPakistan #StayHomeStaySafe https://t.co/63ggOq9t0o",0,0.0
RT @JerryCap: $GOOG is now a value investment https://t.co/eevfn4FYrC,1,1.0
RT @RedDogT3: It was good to map out $spx  levels. 20% 30% 35% 40% 45% 55% off highs.  That‚Äôs what I tried to do to help long term investor‚Ä¶,1,1.0
"RT @RichLightShed: With 50 million subs and growing, Disney should use @disneyplus to replace theatrical window -- raise pricing to $15-$20‚Ä¶",0,1.0
"RT @afortunetrading: Good evening!! 

$SPX $2757 key breakout then $2792, $2825, $2882 &amp; $2657 breakdown spot

$ZM $123 key breakout spot f‚Ä¶",0,1.0
RT @kingofthetrade: $SPY $SPX The movies ‚ÄúContagion‚Äù and ‚ÄúThe Big Short‚Äù playing at the same time is what‚Äôs happening now in real life,0,1.0
$SPY $SPX The movies ‚ÄúContagion‚Äù and ‚ÄúThe Big Short‚Äù playing at the same time is what‚Äôs happening now in real life,0,0.0
"RT @JunkoSu22993224: Jeff Bezos Is Rumored To Be Backing #Chainlink. To Take Advantage of #Smartcontracts, @amazon is integrating $link ora‚Ä¶",0,1.0
"$DIS Reports Disney+ global paid subscriber count passes 50M members (Walt Disney Co)
(More at https://t.co/681qHwgo8E)",0,0.0
"RT @AlkaneResources: Latest significant intercepts at Alkane‚Äôs San Antonio prospect, with assay results for the final ~7,000 metres showing‚Ä¶",0,1.0
"From chart patterns to technical indicators, here are some 'sell' signals to keep an eye on:

#markets #stocks

@avdhutbagkar writes

https://t.co/KYMKon37YB",0,1.0
"Night Most Tweeted Big Caps, check out Gambiste Top 10: $ZM $DIS $CRWD $OXY $BA $TAL $SHOP $UBER $DOW $SBUX https://t.co/k3uyuEbRpJ",1,0.0
YPF SA $YPF Expected to Post Earnings of -$0.40 Per Share https://t.co/9wPa9Fqhl3 #stocks,0,1.0
Marten Transport $MRTN Scheduled to Post Quarterly Earnings on Thursday https://t.co/s1J1N8kJiz #stocks,1,1.0
Taiwan Semiconductor Mfg. $TSM Scheduled to Post Quarterly Earnings on Thursday https://t.co/ocN569NNX4 #stocks,1,1.0
$MFA added to stock picks on https://t.co/xwQ93yRBuP for long term growth. It has already been picking up steam the past two days. This stock has a LONG track record of holding around $7.50-8 and should rebound nicely over time. #StockMarket #Stocks #JBaileyStudio,1,0.0
"Zacks: Analysts Anticipate FLIR Systems, Inc. $FLIR to Announce $0.42 Earnings Per Share https://t.co/D093Yf2chx #stocks",1,0.0
Head-To-Head Analysis: Preferred Apartment Communities $APTS and Colony Capital $CLNY https://t.co/KWpkTg5Swa #stocks,0,0.0
"MVC Capital, Inc. $MVC Given Average Rating of ‚ÄúBuy‚Äù by Analysts https://t.co/Q6HagAmGK3 #stocks",0,1.0
"RT @merryjoportell: Molson Coors-Hexo ( $HEXO ) is launching 6 cannabis beverage brands

#stocks #investment #CNBC #CBD #trading #NASDAQ #n‚Ä¶",0,1.0
"@markminervini And I'll wager that what makes this work for you is what made it work for #Rothschild: Information. He LOVED #information, coming from EVERYWHERE. In fact, Rothschild could have been who Gordon Gekko was REALLY based on.

#trading #investing #markets #stocks #SP500 #DowJones https://t.co/ceZoHC20p6",0,1.0
Track crowd curated news &amp; tweets for multiple tickers $YNDX $T $TSLA https://t.co/nQG9WqArDH,0,0.0
"SmartInsider - Union Korea Pharm Co Ltd: 1 director sold: A director at Union Korea Pharm Co Ltd sold 6,250 shares at 19,000.000KRW and the significance rating of the trade was 71/100. Is that information sufficient for you to make an‚Ä¶ https://t.co/X6LsmZ3clZ #equity #stocks",0,1.0
RT @Trade_The_News: $AAPL Reportedly some online retailers in China are offering the iPhone 11 at a discount in order to spur buyers after‚Ä¶,0,1.0
RT @IGAus: IG's Joshua Warner examines some of the companies currently attempting to make vaccinations and treatments for the coronavirus.‚Ä¶,0,1.0
RT @IGAus: IG's Joshua Warner examines some of the companies currently attempting to make vaccinations and treatments for the coronavirus.‚Ä¶,0,1.0
Nice accompaniment to the recent breakout $SGX #stocks https://t.co/lff6l86eop,1,0.0
RT @IGAus: IG's Joshua Warner examines some of the companies currently attempting to make vaccinations and treatments for the coronavirus.‚Ä¶,0,1.0
"IG's Joshua Warner examines some of the companies currently attempting to make vaccinations and treatments for coronavirus.

$INO $MRNA $SNG $NVAX $PFE $GILD $REGN $DVAX $DVAX $GSK $JNJ $VXRT $VIR $HTBX #coronavirus 

https://t.co/UpQnFL9f7n",1,1.0
$SPY $SPX LMAO https://t.co/KgUuJrPi6X,1,0.0
"SPOM is current, about to release financials and the chart is primed üëáüëá $GCGX $GERS $GHSI $GPOR $GRNF $GRPN $GTXO $HAL $HCC $HEMP $HESG $HEXO $HGEN $HHSE $HLIX $HMLA $HOSS $HSIC $I $IBIO $ICBU $IDEX $IMO $IMUN $INTV $IPIX $ISVJF $ITNS $JCP $JNJ $JSDA https://t.co/XlPzg0E0uN",0,1.0
"IG's Joshua Warner examines some of the companies currently attempting to make vaccinations and treatments for the coronavirus.

$INO $MRNA $SNG $NVAX $PFE $GILD $REGN $DVAX $DVAX $GSK $JNJ $VXRT $VIR $HTBX #coronavirus 

https://t.co/jZ5hCcV6tV",1,1.0
CFRA Research - Westlake Chemical Corporation: | https://t.co/MhHCMsveeW #equity #stocks https://t.co/uXSSAMtxiM,0,1.0
CFRA Research - UniFirst Corporation: | https://t.co/ivhkwUgIwe #equity #stocks https://t.co/isADtgWVrF,0,1.0
CFRA Research - RPM International Inc.: | https://t.co/ooGIch7lfZ #equity #stocks https://t.co/0MUaMahUfA,0,1.0
"RT @BenzingaMedia: $AAPL, $NFLX, $DIS Disney Shares Climb 7% As Video On Demand Service Crosses 50M Subscribers - https://t.co/c9oa76lpl4",1,1.0
$SPX has bottomed out and should rise up to the 3000 handle and above. Market structure is clear and the move to the downside was to flush out weak holders. As they should. I wouldn't rush for size as yet. Playing smalls and adding on retracements lower.,0,0.0
"@WaveTraderAU #SPX: FWIW: I'm looking for any test of the whole-number 3,000 level as this is also near previous S/R and the 61.8% fib of this last swing Low.$SPY #SP500 https://t.co/roKkMgqqPt",1,1.0
"Wednesday's Top Flow in #consumer staples sector, Buy Flow and Sell Flow. $COST $MDLZ $KR $MNST $GIS $SYY $CLX $SJM $BF.B $CPB $PEP $PG $WMT $STZ $KMB $MO $CVS $CAG $ADM $TSN #stocks #StockMarket #stock #stockstowatch #stockmarketnews #StocksToTrade 
https://t.co/5JE2nlrW3B https://t.co/k0I8JVQCqa",0,1.0
"FlyGuy Eastside x $ko Baby- Blow Out Da Brains
Check it Out!
#music #guttatunes #flyguy #flyguyeastside #skobaby #blowoutdabrains #newsong #newmusic #newtunes #rap #rapmusic #hiphop #hiphopmusic #musicvideo #2020‚Ä¶ https://t.co/qcye412JMX",1,1.0
"Bought 4 more shares of #VYM for $302.36 from Vanguard! Making a total of 6 shares so far! Want to get it while the prices are still low as of right now before the rebound is finished! üìà

#investing #stocks #ETF #investor 

https://t.co/eXBzASyxLj",1,0.0
"@SECNAV to go to Guam just to be laughed off meanwhile spending $243,000 taxpayers money that was 'STUPID and NAIVE' @EsperDoD $QQQ $MSFT $GOOG $AAPL $AMZN $NFLX $TSLA $FB $AVGO $NVDA https://t.co/3OdOTJlZc7",0,0.0
RT @MarTycharts: $SPX update: No reversal from RSI energy point and in fact the RSI has unexpectedly pierced through to upside which can be‚Ä¶,0,1.0
"RT @AmericanBanking: Research Analysts‚Äô Upgrades for April, 8th $ACRE, ADNT, ALV, ARCO, ASMB, BLMN, BOSSY, CAAP, CS, CVE https://t.co/GRrEA‚Ä¶",0,1.0
putting some moolah on $T &amp; $WM for tomorrow. Starting my pie with #m1finance #longtermgoals,1,0.0
"RT @JunkoSu22993224: Jeff Bezos Is Rumored To Be Backing #Chainlink. To Take Advantage of #Smartcontracts, @amazon is integrating $link ora‚Ä¶",0,1.0
"Jeff Bezos Is Rumored To Be Backing #Chainlink. To Take Advantage of #Smartcontracts, @amazon is integrating $link oracle into it's new ad framework allowing advertisers to connect to $amzn data. 

#blockchain #bitcoin #btc #eth #xrp #ltc #EOS #AI #Crypto

https://t.co/YYkzWa3Cm4",0,1.0
"RT @charliesmithvcr: B.C. and Alberta securities regulators urge ""extreme caution"" after aggressive promotion of mining company https://t.c‚Ä¶",0,1.0
"Shares of Cipla were locked in the upper circuit of 15% at Rs 590, also its 52-week high on the #BSE

#stocks #markets

https://t.co/YL0Hz0PJMu",0,0.0
"https://t.co/s1AgfhMdGF

Passive(index) funds are funds which track a market index, or a specific market segment. For example Nifty index fund would invest the equities list in Nifty index. #indexmutualfunds #investment #stocks #india #UnlockYourInnerPower #MasterFDFS",0,1.0
"It's hard to believe that equities $SPX have almost retraced half of their decline from record highs.

I see very little odds of this being sustained. Central bank ballooning their balance sheets can only hold off the enormity of the crisis for so long. https://t.co/s2SsCrmeFQ",0,1.0
"RT @Find_Me_Value: Some added context, good info for both critics &amp; S/H of $DIS. The ‚Äúwe have 50m subs‚Äù is fortuitous timing given India la‚Ä¶",1,1.0
"RT @jamescakmak: Good stat, so long as they can leverage that engagement into other parts of the ecosystem like Parks where the bulk of pro‚Ä¶",1,1.0
RT @UnHedgedChatter: Baupost purchased shares of Alphabet. $GOOG $GOOGL https://t.co/pZOC6xqQ2I,1,1.0
"Enrich Equity Live Levels 09-Apr-2020

For more visit: https://t.co/FpCghqP4Dq

#Enrich #NSE #Equity #Stocks #Live_Levels https://t.co/Lh1iltiBkU",0,1.0
The 4 who will be reaping the rewards of a new ATH stock market next week? @QTRResearch  $SPX $QQQ https://t.co/DE60VS0TuW,1,0.0
#SUNPHARMA BREAKING OUT..NEED TO SUSTAIN THIS LEVEL..#STOCKS #STOCKMARKETS #TECHNICALANALYSIS,0,0.0
"S&amp;P 500 | $SPX500 | $SPX500 $USD

counting SPX500

Long or short it with BTC on Trade8: https://t.co/Yn1WyxNZRV https://t.co/DD2leM8lob",0,1.0
"RT @charliesmithvcr: B.C. and Alberta securities regulators urge ""extreme caution"" after aggressive promotion of mining company https://t.c‚Ä¶",0,1.0
"...looking at investor flows, Morgan Stanley was surprised that in the recent surge higher, there had been virtually no participation on the buy side, and even more perplexing, almost no short covering either, especially in the latest leg higher #stocks #trading #WallStreet",0,1.0
"RT @amir: New: Microsoft‚Äôs rival to AWS, called @Azure, is a success but has buckled under recent covid-19-related pressure &amp; also has had‚Ä¶",0,1.0
RT @SJD10304: Beyond impressed with momentum in the ratio of equal weight $SPX to cap weight $SPX to sound the alarm *before* each of the 3‚Ä¶,1,1.0
@StockPriceBro1 @tedstein @MidwestHedgie Facebook messenger for kids is growing. Instagram is solid and I‚Äôm almost positive $FB is going to create a new metric for increased activity among active users during this pandemic. It‚Äôs enough to burn shorty which were all trying to avoid.,1,1.0
"RT @MinteractApp: Wednesday's Top Flow in #NASDAQ #NASDAQ100, Buy Flow and Sell Flow. $AAPL $MSFT $AMZN $GOOG $FISV $CSCO $COST $GILD $CMCS‚Ä¶",0,1.0
"B.C. and Alberta securities regulators urge ""extreme caution"" after aggressive promotion of mining company https://t.co/vxR8T8nXBK via @georgiastraight #crestview #crestviewexploration @bcsc_info @ascupdates #stocks #mining",0,1.0
"RT @awallenstein: BREAKING: Disney+ reaches 50 million paid subscribers in 5 months worldwide, $DIS announces...",0,1.0
"RT @awallenstein: BREAKING: Disney+ reaches 50 million paid subscribers in 5 months worldwide, $DIS announces...",0,1.0
@MalibuInvest $dis is a value even with the spike. long term hold here..,1,1.0
"RT @eWhispers: Some confirmed #earnings dates for April 

https://t.co/lObOE0dgsr 

$CHWY $WBA $NFLX $KMX $STZ $BAC $LW $JPM $F $INTC $GE $‚Ä¶",1,1.0
"RT @Amdalleq: Morgan Stanley Chief Investment Officer on CNBC:

Prices are attractive but we don't really know what's gonna happen. Actuall‚Ä¶",0,1.0
"üö® How bad the economy. is $JPM  just hit the breaks! üõë Depression hitting all business lending! @prothoughts2 @AlessioUrban @TheBubbleBubble @NoahBlaineNews @DiMartinoBooth @jimcramer
https://t.co/IUvbENCuJs",0,0.0
"RT @allstarcharts: in the Keep It Simple Stupid category of indicators, I really like the 10-month moving average. It gets you out and back‚Ä¶",1,1.0
"RT @tdarling1: $SPX, up nearly 25% from the low of 23 March, is really at a critical juncture. Thus far,  this has the look of a v-shaped r‚Ä¶",0,1.0
"@Polargroup1 @yuriymatso The rally has more to do with virus peaking &amp; technicals, fed free money helps too, big cap tech will have bad earnings, when the whole world is literally shut it will impact everyone. International demand will be worse. If $spx rally stalls 2750 to 2850 is the zone it rollsover",0,1.0
"Research Analysts‚Äô Upgrades for April, 8th $ACRE, ADNT, ALV, ARCO, ASMB, BLMN, BOSSY, CAAP, CS, CVE https://t.co/GRrEAkv2sp #stocks",0,1.0
Screen through high rated articles for US Tech Kings at once $AAPL $GOOG $FB https://t.co/KK4Qj8LBUV https://t.co/rYlYprrbLf,0,0.0
"RT @StableInvestor: Super Detailed 20-Year Analysis - Nifty P/E Ratio &amp; Future Returns (1999-2019) Updated

Full analysis - https://t.co/5z‚Ä¶",1,1.0
RT @TedatACA: Warren Buffett's Geico offers $2.5 billion in credits as coronavirus cuts driving from @CNBC | @BRK.A $BRK.B @ESPN ‚Å¶@nabtweet‚Ä¶,0,1.0
$SPY $SPX Millions will die and yet people are BULLISH https://t.co/dpxG8YHh9d,0,0.0
"Has the Covid-19 Made Travel and Leisure Stocks Cheap or Is It Too Early to Decide?

Check it out here - https://t.co/4JOcFo7z6N

#business #media #investing #stocks #travel #ftse #londonstockexchange #news #market #updates https://t.co/RCtnrXyGzN",0,1.0
$DIS intraday double bottom,0,1.0
"Good stat, so long as they can leverage that engagement into other parts of the ecosystem like Parks where the bulk of profit comes from

The battle remains uphill exacerbated by lack of material gaming exposure $DIS https://t.co/N5KbuiJwHk",0,0.0
"TATA MOTOR HITTTT 10% UC

72---74.35

Gaining 8000+++

Target 80+++

Revise SL 70

#StockMarket #stocks #Tatamotors https://t.co/Kl46h2U7vB",1,1.0
"@Find_Me_Value For sure but these are the same tactics Netflix is using to goose their India, Malaysia and Indonesia subs.

Need to highlight for each. Just as it‚Äôs disingenuous to highlight $VZ and Disney+ relationship but not the $TMUS and $NFLX relationship.",0,1.0
"RT @trailingtrades: #CIPLA 

STOCK COULD REACH 620-640 LEVELS 

KINDLY BOOK PROFITS AROUND THESE LEVELS 

DO NOT INITIATE FRESH BUYING

#in‚Ä¶",0,1.0
"@TheStreet @jimcramer @realDonaldTrump $SNE SONY PT $250 
Dan Loeb is probably buying bunch of $SNE SONY TVs for his penthouse and beach house...and the PlayStation #ps5 of course  #NIKKEI $AAPL $MSFT $FB $NFLX $GOOG $MS #StayHome #StayAtHome Dan üòÜ https://t.co/0maN8bPrkM",0,1.0
"With $SPX closing at 2750 today, we are now *technically* in a new bull market.

Each of the last 3 bull markets (starting 11/20/08, 3/9/09, current) achieved this in ‚â§12 trading days from bear market lows.

Takeaway ‚Äî market comes at you fast. Manage your risk.

$ES_F #COVID19 https://t.co/RAY1WoX7XX",0,1.0
Keep an Eye on U.S. Treasury Rates! #invest #investing #investor #investors #stocks https://t.co/WzD2YIuKzw https://t.co/rKhWzHbKjX,0,0.0
"RT @CNBCnow: BREAKING: Disney+ surpasses 50M subscribers globally; $DIS shares pop more than 4% after hours 

https://t.co/SLfhgCMvbd https‚Ä¶",0,1.0
"Ashok Leyland Ltd 
#NSEUPDATE 
#StockMarket 
#stocks https://t.co/jtqahotGOH",1,1.0
Current Outlook: CONFIRMED UPTREND (Day 5) @IBDinvestors #stocks,0,0.0
"Wednesday's Top Flow in #NASDAQ #NASDAQ100, Buy Flow and Sell Flow. $AAPL $MSFT $AMZN $GOOG $FISV $CSCO $COST $GILD $CMCSA $BIIB $INTC $NFLX $AMGN $NVDA $MU $ADBE $VRTX $CTXS $ORCL $AMAT #stocks #StockMarket #stockstowatch #StocksToTrade #stock
https://t.co/5JE2nlrW3B https://t.co/o9uyb5xAiJ",0,1.0
"RT @trailingtrades: #CIPLA 

STOCK COULD REACH 620-640 LEVELS 

KINDLY BOOK PROFITS AROUND THESE LEVELS 

DO NOT INITIATE FRESH BUYING

#in‚Ä¶",0,1.0
Credit Suisse Group $CS Raised to ‚ÄúOverweight‚Äù at Morgan Stanley https://t.co/rcMymgLgiO #stocks,0,1.0
"Despite the current #MarketCrash, 16 of the top 25 mid-cap #stocks have performed better than the 200-day moving average. Investors believe the wind is in favour of mid-caps.

Read @VarshBohra‚Äôs analysis:

https://t.co/oKpSJBe2ff",1,0.0
"RT @leadlagreport: Have a big writing coming out tomorrow on @seekingalpha.

Title?

The Greatest Disconnect Between Stocks And The Economy‚Ä¶",1,1.0
"RT @awallenstein: BREAKING: Disney+ reaches 50 million paid subscribers in 5 months worldwide, $DIS announces...",0,1.0
"RT @moneycontrolcom: #MarketswithMC | Opening Bellüîî: Indices open higher with #Nifty above 8,900, midcaps too see a strong start

#stocks #‚Ä¶",1,1.0
"RT @leadlagreport: Have a big writing coming out tomorrow on @seekingalpha.

Title?

The Greatest Disconnect Between Stocks And The Economy‚Ä¶",1,1.0
"RT @eWhispers: Some confirmed #earnings dates for April 

https://t.co/lObOE0dgsr 

$CHWY $WBA $NFLX $KMX $STZ $BAC $LW $JPM $F $INTC $GE $‚Ä¶",1,1.0
"Identify High Probability Trading Opportunities In Stocks, Futures &amp; Forex https://t.co/7SVXBJ5ZxF #forex #stocks #futures #options #finance",0,1.0
"Billionaire Investor Howard Marks Advises to Buy Stocks Now
https://t.co/kmd2H006D2
#stocks #StockMarket #investing #Investment @HowardMarksBook @Oaktree https://t.co/cu4rPRxUPm",0,1.0
"RT @awallenstein: BREAKING: Disney+ reaches 50 million paid subscribers in 5 months worldwide, $DIS announces...",0,1.0
"Latest OMNI Day Trading YouTube Video:
Oscar Carboni Says #OMNI Arrow Stays Green For #Trading #FAANG #Stocks, #ES &amp; #RT  04/09/2020 #2084 https://t.co/lo7UkH5ZnW https://t.co/vwxyGhfBKo",0,1.0
"$DIS jumped AH on 50 mil + Disney plus subscribers. Trading at $108 now. 50 day EMA sitting at $112

A break above there sends this one to $120. https://t.co/ShL9XnrSb1",0,1.0
The ‚ÄúTurtle Soup‚Äù https://t.co/iteR25CHwC #prorealtime #trading #markets #stockmarket #trader #stocks #investing #money #forex #bitcoin #cryptocurrency #finance #prorealtime,0,0.0
RT @EpochTimes: Sen. @KLoeffler said she'd liquidate her #Stocks after claims she misused privileged info to adjust her portfolio ahead of‚Ä¶,0,1.0
Take $100 and Open a Position in These 4 Stocks Now @themotleyfool #stocks $XOM $USB $TRUP $OGI - https://t.co/AxkbiANOst https://t.co/IRV34rSNw8,0,0.0
"RT @CNBCnow: BREAKING: Disney+ surpasses 50M subscribers globally; $DIS shares pop more than 4% after hours 

https://t.co/SLfhgCMvbd https‚Ä¶",0,1.0
"RT @awallenstein: BREAKING: Disney+ reaches 50 million paid subscribers in 5 months worldwide, $DIS announces...",0,1.0
@Reuters During a #GlobalPandemic we see the #SP500 jump 3.41% where is the realism here?,0,1.0
RT @spotgamma: Positive Gamma in $SPY. Not $SPX https://t.co/TXGTenbyXO,0,1.0
If $dis gets to 110-112 range tomorrow I‚Äôll be licking my chops for tomorrow expirations puts.,1,0.0
"$IZZ #TAL Education Group ADS ... Greater China Daily: Thursday, April 9, 2020: KEY HIGHLIGHTS Sector Automobile 2019 results wrap-up. Property 2019 results wrap-up: Housing market appears resilient for now. Sportswear 2020 outlook ‚Äì A‚Ä¶ https://t.co/rln5sZ38FX #equity #stocks",1,1.0
"RT @CNBCnow: BREAKING: Disney+ surpasses 50M subscribers globally; $DIS shares pop more than 4% after hours 

https://t.co/SLfhgCMvbd https‚Ä¶",0,1.0
"RT @realJosephRich: This is Wells Fargo's latest 2020 $SPX earnings forecast. 

First, this way too optimistic. 

Second, this corresponds‚Ä¶",0,1.0
"Did you know all gas stations (Quick Check, WAWA,  SHEETZ etc) are going to be bought up by one company. Probably a billion dollars per company. What‚Äôs that 150+ billion $$ to make that happen. I say, who has that money to spend üßê #oil #gas #stocks",0,1.0
$AAPL #patent #transaction 52331/559 ASSIGNMENT OF ASSIGNORS INTEREST - From: INTEL CORPORATION To: APPLE INC #IP #techtransfer #research https://t.co/GZqm4GFKOK,0,1.0
@Reuters Just wait until $JPM realizes the entire fixed income market in #China trades in Wechat groups. More significant now that they are the majority owner in ‰∏äÊäïÊë©Ê†π,1,1.0
"It was the plan long ago because of the massive debt . 
$SPY $SPX $QQQ https://t.co/NVapUwynJr https://t.co/pJrjWDN7iJ",0,1.0
RT @vieiraUAE: Fearless Alex Vieira Calls Best Market Rally Since 1931 Mocking Americans Over Coronavirus $DIA $AMZN $SPY $QQQ #coronavirus‚Ä¶,0,1.0
